t,x [hares],y [linx]
1900.029871,30.13394268,4.117681609
1901.018121,46.81944169,6.391294984
1902.029306,70.24355249,10.16224713
1903.014535,76.82201482,35.83295342
1904.027678,36.79698272,58.88272953
1905.026948,20.35444886,42.06586098
1906.009604,18.32321328,19.4468047
1907.014804,21.72041808,13.29847486
1908.019164,22.31011269,9.021818477
1909.024308,25.52015014,9.61092574
1910.008363,28.1680982,8.141192199
1911.016359,40.92367029,8.731474153
1912.025418,57.23542195,13.25109568
1913.035484,76.91618584,20.20506739
1914.011372,52.23770141,46.06176634
1915.005943,20.0731105,51.32946991
1916.028483,11.4921925,30.20833974
1917.031725,8.338540195,16.94765076
1918.017011,15.10416987,10.79932092
1919.021818,17.19120325,10.64034614
1920.028584,25.82909373,9.358367292
